mean_precision,mean_recall,mean_f1
0.967629506382591,0.965350877192982,0.965200565455097
